,id,type,sectionId,sectionName,webPublicationDate,webTitle,webUrl,apiUrl,isHosted,pillarId,pillarName
0,world/2020/nov/18/us-passes-250000-deaths-from-coronavirus,article,world,World news,2020-11-18T22:49:04Z,"US passes 250,000 deaths from coronavirus",https://www.theguardian.com/world/2020/nov/18/us-passes-250000-deaths-from-coronavirus,https://content.guardianapis.com/world/2020/nov/18/us-passes-250000-deaths-from-coronavirus,False,pillar/news,News
1,world/2020/sep/28/england-new-coronavirus-restrictions-explained,article,world,World news,2020-09-28T18:36:34Z,England’s new coronavirus restrictions explained,https://www.theguardian.com/world/2020/sep/28/england-new-coronavirus-restrictions-explained,https://content.guardianapis.com/world/2020/sep/28/england-new-coronavirus-restrictions-explained,False,pillar/news,News
2,us-news/2020/nov/20/donald-trump-jr-tests-positive-coronavirus,article,us-news,US news,2020-11-21T00:23:04Z,Donald Trump Jr tests positive for coronavirus,https://www.theguardian.com/us-news/2020/nov/20/donald-trump-jr-tests-positive-coronavirus,https://content.guardianapis.com/us-news/2020/nov/20/donald-trump-jr-tests-positive-coronavirus,False,pillar/news,News
3,world/2020/nov/20/coronavirus-australia-the-week-at-a-glance,article,world,World news,2020-11-20T08:21:13Z,Coronavirus Australia: the week at a glance,https://www.theguardian.com/world/2020/nov/20/coronavirus-australia-the-week-at-a-glance,https://content.guardianapis.com/world/2020/nov/20/coronavirus-australia-the-week-at-a-glance,False,pillar/news,News
4,australia-news/2020/nov/13/coronavirus-australia-the-week-at-a-glance,article,australia-news,Australia news,2020-11-13T08:01:05Z,Coronavirus Australia: the week at a glance,https://www.theguardian.com/australia-news/2020/nov/13/coronavirus-australia-the-week-at-a-glance,https://content.guardianapis.com/australia-news/2020/nov/13/coronavirus-australia-the-week-at-a-glance,False,pillar/news,News
5,world/2020/nov/02/latest-coronavirus-lockdowns-spark-protests-across-europe,article,world,World news,2020-11-02T15:47:43Z,Latest coronavirus lockdowns spark protests across Europe,https://www.theguardian.com/world/2020/nov/02/latest-coronavirus-lockdowns-spark-protests-across-europe,https://content.guardianapis.com/world/2020/nov/02/latest-coronavirus-lockdowns-spark-protests-across-europe,False,pillar/news,News
6,australia-news/2020/nov/06/coronavirus-australia-the-week-at-a-glance,article,australia-news,Australia news,2020-11-06T04:53:49Z,Coronavirus Australia: the week at a glance,https://www.theguardian.com/australia-news/2020/nov/06/coronavirus-australia-the-week-at-a-glance,https://content.guardianapis.com/australia-news/2020/nov/06/coronavirus-australia-the-week-at-a-glance,False,pillar/news,News
7,australia-news/2020/oct/30/coronavirus-australia-the-week-at-a-glance,article,australia-news,Australia news,2020-10-30T09:58:06Z,Coronavirus Australia: the week at a glance,https://www.theguardian.com/australia-news/2020/oct/30/coronavirus-australia-the-week-at-a-glance,https://content.guardianapis.com/australia-news/2020/oct/30/coronavirus-australia-the-week-at-a-glance,False,pillar/news,News
8,world/2020/oct/27/china-loses-trust-internationally-over-coronavirus-handling,article,world,World news,2020-10-27T14:30:00Z,China loses trust internationally over coronavirus handling,https://www.theguardian.com/world/2020/oct/27/china-loses-trust-internationally-over-coronavirus-handling,https://content.guardianapis.com/world/2020/oct/27/china-loses-trust-internationally-over-coronavirus-handling,False,pillar/news,News
9,world/2020/sep/27/lockdowners-v-libertarians-britain-coronavirus-divide,article,world,World news,2020-09-27T07:45:39Z,Lockdowners v libertarians: Britain’s coronavirus divide,https://www.theguardian.com/world/2020/sep/27/lockdowners-v-libertarians-britain-coronavirus-divide,https://content.guardianapis.com/world/2020/sep/27/lockdowners-v-libertarians-britain-coronavirus-divide,False,pillar/news,News
10,world/2020/nov/23/covid-cases-and-deaths-today-coronavirus-uk-map,article,world,World news,2020-11-23T09:36:46Z,Covid cases and deaths today: coronavirus UK map,https://www.theguardian.com/world/2020/nov/23/covid-cases-and-deaths-today-coronavirus-uk-map,https://content.guardianapis.com/world/2020/nov/23/covid-cases-and-deaths-today-coronavirus-uk-map,False,pillar/news,News
11,world/2020/nov/17/republican-senator-chuck-grassley-tests-positive-coronavirus,article,world,World news,2020-11-17T23:28:14Z,Republican senator Chuck Grassley tests positive for coronavirus,https://www.theguardian.com/world/2020/nov/17/republican-senator-chuck-grassley-tests-positive-coronavirus,https://content.guardianapis.com/world/2020/nov/17/republican-senator-chuck-grassley-tests-positive-coronavirus,False,pillar/news,News
12,uk-news/2020/oct/17/brother-of-liverpool-mayor-dies-from-coronavirus,article,uk-news,UK news,2020-10-17T12:11:42Z,Brother of Liverpool mayor dies from coronavirus,https://www.theguardian.com/uk-news/2020/oct/17/brother-of-liverpool-mayor-dies-from-coronavirus,https://content.guardianapis.com/uk-news/2020/oct/17/brother-of-liverpool-mayor-dies-from-coronavirus,False,pillar/news,News
13,us-news/2020/oct/22/cdc-coronavirus-covid-close-contact-definition,article,world,World news,2020-10-22T14:37:41Z,CDC rewrites definition for coronavirus 'close contact',https://www.theguardian.com/us-news/2020/oct/22/cdc-coronavirus-covid-close-contact-definition,https://content.guardianapis.com/us-news/2020/oct/22/cdc-coronavirus-covid-close-contact-definition,False,pillar/news,News
14,world/2020/nov/10/coronavirus-anti-vaxxers-seek-to-discredit-pfizers-vaccine,article,world,World news,2020-11-10T17:40:13Z,Coronavirus: anti-vaxxers seek to discredit Pfizer's vaccine,https://www.theguardian.com/world/2020/nov/10/coronavirus-anti-vaxxers-seek-to-discredit-pfizers-vaccine,https://content.guardianapis.com/world/2020/nov/10/coronavirus-anti-vaxxers-seek-to-discredit-pfizers-vaccine,False,pillar/news,News
15,uk-news/2020/aug/18/coronavirus-government-eases-leicester-lockdown-again,article,uk-news,UK news,2020-08-18T13:43:52Z,Coronavirus: government eases Leicester lockdown,https://www.theguardian.com/uk-news/2020/aug/18/coronavirus-government-eases-leicester-lockdown-again,https://content.guardianapis.com/uk-news/2020/aug/18/coronavirus-government-eases-leicester-lockdown-again,False,pillar/news,News
16,music/2020/nov/13/new-order-frontman-bernard-sumner-recovering-from-coronavirus,article,music,Music,2020-11-13T09:32:37Z,New Order frontman Bernard Sumner recovering from coronavirus,https://www.theguardian.com/music/2020/nov/13/new-order-frontman-bernard-sumner-recovering-from-coronavirus,https://content.guardianapis.com/music/2020/nov/13/new-order-frontman-bernard-sumner-recovering-from-coronavirus,False,pillar/arts,Arts
17,australia-news/2020/nov/09/melbourne-restrictions-victoria-lockdown-rules-covid-19-metropolitan-metro-explained-what-you-need-to-know,article,australia-news,Australia news,2020-11-08T23:10:14Z,Melbourne Covid lockdown rules and coronavirus restrictions explained,https://www.theguardian.com/australia-news/2020/nov/09/melbourne-restrictions-victoria-lockdown-rules-covid-19-metropolitan-metro-explained-what-you-need-to-know,https://content.guardianapis.com/australia-news/2020/nov/09/melbourne-restrictions-victoria-lockdown-rules-covid-19-metropolitan-metro-explained-what-you-need-to-know,False,pillar/news,News
18,australia-news/2020/nov/09/coronavirus-victoria-melbourne-restrictions-lockdown-victorian-vic-covid-19-rules-explained-what-you-need-to-know,article,australia-news,Australia news,2020-11-08T23:12:33Z,Regional Victoria's coronavirus restrictions and lockdown rules explained,https://www.theguardian.com/australia-news/2020/nov/09/coronavirus-victoria-melbourne-restrictions-lockdown-victorian-vic-covid-19-rules-explained-what-you-need-to-know,https://content.guardianapis.com/australia-news/2020/nov/09/coronavirus-victoria-melbourne-restrictions-lockdown-victorian-vic-covid-19-rules-explained-what-you-need-to-know,False,pillar/news,News
19,world/2020/oct/06/flurry-of-coronavirus-reinfections-leaves-scientists-puzzled,article,world,World news,2020-10-06T12:37:40Z,Flurry of coronavirus reinfections leaves scientists puzzled,https://www.theguardian.com/world/2020/oct/06/flurry-of-coronavirus-reinfections-leaves-scientists-puzzled,https://content.guardianapis.com/world/2020/oct/06/flurry-of-coronavirus-reinfections-leaves-scientists-puzzled,False,pillar/news,News
20,world/2020/sep/09/coronavirus-testing-the-pm-fact-checked,article,world,World news,2020-09-09T17:58:58Z,Coronavirus testing: the PM fact-checked,https://www.theguardian.com/world/2020/sep/09/coronavirus-testing-the-pm-fact-checked,https://content.guardianapis.com/world/2020/sep/09/coronavirus-testing-the-pm-fact-checked,False,pillar/news,News
21,world/2020/oct/05/the-ups-and-downs-of-controlling-coronavirus,article,world,World news,2020-10-05T16:37:43Z,The ups and downs of controlling coronavirus | Letters,https://www.theguardian.com/world/2020/oct/05/the-ups-and-downs-of-controlling-coronavirus,https://content.guardianapis.com/world/2020/oct/05/the-ups-and-downs-of-controlling-coronavirus,False,pillar/news,News
22,world/2020/oct/29/remote-marshall-islands-records-its-first-coronavirus-cases,article,world,World news,2020-10-29T00:18:11Z,Remote Marshall Islands records its first coronavirus cases,https://www.theguardian.com/world/2020/oct/29/remote-marshall-islands-records-its-first-coronavirus-cases,https://content.guardianapis.com/world/2020/oct/29/remote-marshall-islands-records-its-first-coronavirus-cases,False,pillar/news,News
23,world/2020/jul/03/coronavirus-the-week-explained,article,world,World news,2020-07-03T11:03:46Z,Coronavirus: the week explained,https://www.theguardian.com/world/2020/jul/03/coronavirus-the-week-explained,https://content.guardianapis.com/world/2020/jul/03/coronavirus-the-week-explained,False,pillar/news,News
24,uk-news/2020/nov/02/prince-william-tested-positive-for-coronavirus-in-april,article,uk-news,UK news,2020-11-02T00:34:39Z,Prince William 'tested positive for coronavirus' in April,https://www.theguardian.com/uk-news/2020/nov/02/prince-william-tested-positive-for-coronavirus-in-april,https://content.guardianapis.com/uk-news/2020/nov/02/prince-william-tested-positive-for-coronavirus-in-april,False,pillar/news,News
25,us-news/2020/oct/29/white-house-coronavirus-taskforce-fauci-covid-spread,article,us-news,US news,2020-10-29T13:24:50Z,White House coronavirus taskforce warns of 'unrelenting' spread,https://www.theguardian.com/us-news/2020/oct/29/white-house-coronavirus-taskforce-fauci-covid-spread,https://content.guardianapis.com/us-news/2020/oct/29/white-house-coronavirus-taskforce-fauci-covid-spread,False,pillar/news,News
26,world/2020/oct/01/uk-healthcare-workers-share-your-coronavirus-experiences,article,world,World news,2020-10-01T11:44:36Z,UK healthcare workers: share your coronavirus experiences,https://www.theguardian.com/world/2020/oct/01/uk-healthcare-workers-share-your-coronavirus-experiences,https://content.guardianapis.com/world/2020/oct/01/uk-healthcare-workers-share-your-coronavirus-experiences,False,pillar/news,News
27,world/2020/oct/23/the-zzz-factor-how-coronavirus-has-wreaked-havoc-with-our-sleep,article,world,World news,2020-10-24T14:44:24Z,How coronavirus has wreaked havoc with our sleep,https://www.theguardian.com/world/2020/oct/23/the-zzz-factor-how-coronavirus-has-wreaked-havoc-with-our-sleep,https://content.guardianapis.com/world/2020/oct/23/the-zzz-factor-how-coronavirus-has-wreaked-havoc-with-our-sleep,False,pillar/news,News
28,australia-news/2020/oct/23/coronavirus-australia-latest-the-week-at-a-glance,article,australia-news,Australia news,2020-10-23T08:47:01Z,Coronavirus Australia latest: the week at a glance,https://www.theguardian.com/australia-news/2020/oct/23/coronavirus-australia-latest-the-week-at-a-glance,https://content.guardianapis.com/australia-news/2020/oct/23/coronavirus-australia-latest-the-week-at-a-glance,False,pillar/news,News
29,world/2020/oct/22/belgium-deputy-pm-sophie-wilmes-in-intensive-care-with-coronavirus,article,world,World news,2020-10-22T12:42:07Z,Belgium's deputy PM in intensive care with coronavirus,https://www.theguardian.com/world/2020/oct/22/belgium-deputy-pm-sophie-wilmes-in-intensive-care-with-coronavirus,https://content.guardianapis.com/world/2020/oct/22/belgium-deputy-pm-sophie-wilmes-in-intensive-care-with-coronavirus,False,pillar/news,News
30,world/2020/sep/01/pitiful-payments-for-coronavirus-self-isolators,article,world,World news,2020-09-01T16:28:32Z,Pitiful payments for coronavirus self-isolators | Letter,https://www.theguardian.com/world/2020/sep/01/pitiful-payments-for-coronavirus-self-isolators,https://content.guardianapis.com/world/2020/sep/01/pitiful-payments-for-coronavirus-self-isolators,False,pillar/news,News
31,australia-news/2020/nov/16/south-australia-coronavirus-cluster-what-we-know-so-far,article,australia-news,Australia news,2020-11-16T00:50:02Z,South Australia coronavirus cluster: what we know so far,https://www.theguardian.com/australia-news/2020/nov/16/south-australia-coronavirus-cluster-what-we-know-so-far,https://content.guardianapis.com/australia-news/2020/nov/16/south-australia-coronavirus-cluster-what-we-know-so-far,False,pillar/news,News
32,world/2020/sep/21/coronavirus-northern-ireland-ban-households-mixing-indoors,article,world,World news,2020-09-21T17:48:42Z,Coronavirus: Northern Ireland bans households mixing indoors,https://www.theguardian.com/world/2020/sep/21/coronavirus-northern-ireland-ban-households-mixing-indoors,https://content.guardianapis.com/world/2020/sep/21/coronavirus-northern-ireland-ban-households-mixing-indoors,False,pillar/news,News
33,world/2020/sep/20/protests-madrid-coronavirus-lockdown-measures-spain,article,world,World news,2020-09-20T14:09:13Z,Protests in Madrid over coronavirus lockdown measures,https://www.theguardian.com/world/2020/sep/20/protests-madrid-coronavirus-lockdown-measures-spain,https://content.guardianapis.com/world/2020/sep/20/protests-madrid-coronavirus-lockdown-measures-spain,False,pillar/news,News
34,society/2020/nov/19/nhs-assembles-army-of-staff-for-mass-coronavirus-vaccinations,article,society,Society,2020-11-19T06:00:04Z,NHS assembles army of staff for mass coronavirus vaccinations,https://www.theguardian.com/society/2020/nov/19/nhs-assembles-army-of-staff-for-mass-coronavirus-vaccinations,https://content.guardianapis.com/society/2020/nov/19/nhs-assembles-army-of-staff-for-mass-coronavirus-vaccinations,False,pillar/news,News
35,uk-news/2020/nov/17/hull-residents-how-have-you-been-affected-by-coronavirus,article,uk-news,UK news,2020-11-17T09:57:10Z,Hull residents: how have you been affected by coronavirus?,https://www.theguardian.com/uk-news/2020/nov/17/hull-residents-how-have-you-been-affected-by-coronavirus,https://content.guardianapis.com/uk-news/2020/nov/17/hull-residents-how-have-you-been-affected-by-coronavirus,False,pillar/news,News
36,world/2020/oct/15/french-police-search-officials-homes-coronavirus-inquiry,article,world,World news,2020-10-15T13:10:28Z,French police search politicians' homes in coronavirus inquiry,https://www.theguardian.com/world/2020/oct/15/french-police-search-officials-homes-coronavirus-inquiry,https://content.guardianapis.com/world/2020/oct/15/french-police-search-officials-homes-coronavirus-inquiry,False,pillar/news,News
37,politics/2020/oct/18/how-coronavirus-diktats-from-downing-street-tore-britain-apart,article,politics,Politics,2020-10-19T06:11:26Z,How Downing Street's coronavirus 'diktats' tore Britain apart,https://www.theguardian.com/politics/2020/oct/18/how-coronavirus-diktats-from-downing-street-tore-britain-apart,https://content.guardianapis.com/politics/2020/oct/18/how-coronavirus-diktats-from-downing-street-tore-britain-apart,False,pillar/news,News
38,football/2020/oct/13/cristiano-ronaldo-tests-positive-for-coronavirus-portugal-confirm,article,football,Football,2020-10-13T14:50:01Z,"Cristiano Ronaldo tests positive for coronavirus, Portugal confirm",https://www.theguardian.com/football/2020/oct/13/cristiano-ronaldo-tests-positive-for-coronavirus-portugal-confirm,https://content.guardianapis.com/football/2020/oct/13/cristiano-ronaldo-tests-positive-for-coronavirus-portugal-confirm,False,pillar/sport,Sport
39,fashion/2020/aug/20/burberry-launches-coronavirus-face-mask-collection-fashion,article,fashion,Fashion,2020-08-20T14:51:42Z,Burberry launches £90 coronavirus face mask,https://www.theguardian.com/fashion/2020/aug/20/burberry-launches-coronavirus-face-mask-collection-fashion,https://content.guardianapis.com/fashion/2020/aug/20/burberry-launches-coronavirus-face-mask-collection-fashion,False,pillar/lifestyle,Lifestyle
40,us-news/2020/oct/15/coronavirus-pandemic-plunges-millions-of-americans-into-poverty,article,us-news,US news,2020-10-15T19:02:47Z,Coronavirus pandemic plunges millions of Americans into poverty,https://www.theguardian.com/us-news/2020/oct/15/coronavirus-pandemic-plunges-millions-of-americans-into-poverty,https://content.guardianapis.com/us-news/2020/oct/15/coronavirus-pandemic-plunges-millions-of-americans-into-poverty,False,pillar/news,News
41,world/2020/aug/19/florida-coronavirus-death-toll-hits-10000,article,world,World news,2020-08-19T20:51:40Z,"Florida's coronavirus death toll hits 10,000",https://www.theguardian.com/world/2020/aug/19/florida-coronavirus-death-toll-hits-10000,https://content.guardianapis.com/world/2020/aug/19/florida-coronavirus-death-toll-hits-10000,False,pillar/news,News
42,world/2020/oct/14/coronavirus-students-to-replace-older-teachers-moscow,article,world,World news,2020-10-14T11:45:03Z,Coronavirus: students to replace older teachers in Moscow,https://www.theguardian.com/world/2020/oct/14/coronavirus-students-to-replace-older-teachers-moscow,https://content.guardianapis.com/world/2020/oct/14/coronavirus-students-to-replace-older-teachers-moscow,False,pillar/news,News
43,australia-news/2020/oct/16/coronavirus-australia-latest-the-week-at-a-glance,article,australia-news,Australia news,2020-10-16T07:41:09Z,Coronavirus Australia latest: the week at a glance,https://www.theguardian.com/australia-news/2020/oct/16/coronavirus-australia-latest-the-week-at-a-glance,https://content.guardianapis.com/australia-news/2020/oct/16/coronavirus-australia-latest-the-week-at-a-glance,False,pillar/news,News
44,world/2020/oct/10/coronavirus-uk-launches-clinical-trial-of-bcg-vaccine,article,world,World news,2020-10-10T07:58:13Z,Coronavirus: UK launches clinical trial of BCG vaccine,https://www.theguardian.com/world/2020/oct/10/coronavirus-uk-launches-clinical-trial-of-bcg-vaccine,https://content.guardianapis.com/world/2020/oct/10/coronavirus-uk-launches-clinical-trial-of-bcg-vaccine,False,pillar/news,News
45,world/live/2020/nov/10/coronavirus-live-news-who-warns-covid-not-tired-of-us-as-top-uk-scientist-says-vaccine-feels-like-watershed-moment,liveblog,world,World news,2020-11-10T23:55:55Z,Greek football players attend 'coronavirus party' – as it happened,https://www.theguardian.com/world/live/2020/nov/10/coronavirus-live-news-who-warns-covid-not-tired-of-us-as-top-uk-scientist-says-vaccine-feels-like-watershed-moment,https://content.guardianapis.com/world/live/2020/nov/10/coronavirus-live-news-who-warns-covid-not-tired-of-us-as-top-uk-scientist-says-vaccine-feels-like-watershed-moment,False,pillar/news,News
46,business/2020/nov/10/pfizer-and-biontech-could-make-13bn-from-coronavirus-vaccine,article,business,Business,2020-11-10T19:45:22Z,Pfizer and BioNTech could make $13bn from coronavirus vaccine,https://www.theguardian.com/business/2020/nov/10/pfizer-and-biontech-could-make-13bn-from-coronavirus-vaccine,https://content.guardianapis.com/business/2020/nov/10/pfizer-and-biontech-could-make-13bn-from-coronavirus-vaccine,False,pillar/news,News
47,tv-and-radio/2020/sep/15/coronation-street-actor-tests-positive-for-coronavirus,article,tv-and-radio,Television & radio,2020-09-15T14:57:02Z,Coronation Street actor tests positive for coronavirus,https://www.theguardian.com/tv-and-radio/2020/sep/15/coronation-street-actor-tests-positive-for-coronavirus,https://content.guardianapis.com/tv-and-radio/2020/sep/15/coronation-street-actor-tests-positive-for-coronavirus,False,pillar/arts,Arts
48,world/2020/sep/14/coronavirus-pandemic-fuelling-plant-poaching-philippines,article,world,World news,2020-09-14T08:16:00Z,Coronavirus pandemic fuelling plant poaching in Philippines,https://www.theguardian.com/world/2020/sep/14/coronavirus-pandemic-fuelling-plant-poaching-philippines,https://content.guardianapis.com/world/2020/sep/14/coronavirus-pandemic-fuelling-plant-poaching-philippines,False,pillar/news,News
49,us-news/2020/oct/07/white-house-coronavirus-cluster-who-has-tested-positive,article,us-news,US news,2020-10-07T11:38:14Z,White House coronavirus cluster: who has tested positive?,https://www.theguardian.com/us-news/2020/oct/07/white-house-coronavirus-cluster-who-has-tested-positive,https://content.guardianapis.com/us-news/2020/oct/07/white-house-coronavirus-cluster-who-has-tested-positive,False,pillar/news,News
50,world/2020/oct/06/irish-government-rejects-return-to-full-coronavirus-lockdown,article,world,World news,2020-10-06T10:27:41Z,Irish government rejects return to full coronavirus lockdown,https://www.theguardian.com/world/2020/oct/06/irish-government-rejects-return-to-full-coronavirus-lockdown,https://content.guardianapis.com/world/2020/oct/06/irish-government-rejects-return-to-full-coronavirus-lockdown,False,pillar/news,News
51,world/2020/oct/05/europe-struggles-to-contain-surge-of-coronavirus-cases,article,world,World news,2020-10-06T07:20:39Z,Coronavirus: Europe struggles to contain surge of cases,https://www.theguardian.com/world/2020/oct/05/europe-struggles-to-contain-surge-of-coronavirus-cases,https://content.guardianapis.com/world/2020/oct/05/europe-struggles-to-contain-surge-of-coronavirus-cases,False,pillar/news,News
52,australia-news/2020/oct/09/coronavirus-australia-latest-the-week-at-a-glance,article,australia-news,Australia news,2020-10-09T07:35:30Z,Coronavirus Australia latest: the week at a glance,https://www.theguardian.com/australia-news/2020/oct/09/coronavirus-australia-latest-the-week-at-a-glance,https://content.guardianapis.com/australia-news/2020/oct/09/coronavirus-australia-latest-the-week-at-a-glance,False,pillar/news,News
53,world/2020/oct/11/would-herd-immunity-stop-the-spread-of-coronavirus,article,world,World news,2020-10-11T06:00:05Z,Would herd immunity stop the spread of coronavirus?,https://www.theguardian.com/world/2020/oct/11/would-herd-immunity-stop-the-spread-of-coronavirus,https://content.guardianapis.com/world/2020/oct/11/would-herd-immunity-stop-the-spread-of-coronavirus,False,pillar/news,News
54,world/live/2020/nov/03/coronavirus-live-news-france-sees-record-new-cases-who-warns-its-not-too-late-to-take-critical-action,liveblog,world,World news,2020-11-03T23:28:50Z,Italy fears 'tsunami' of coronavirus patients – as it happened,https://www.theguardian.com/world/live/2020/nov/03/coronavirus-live-news-france-sees-record-new-cases-who-warns-its-not-too-late-to-take-critical-action,https://content.guardianapis.com/world/live/2020/nov/03/coronavirus-live-news-france-sees-record-new-cases-who-warns-its-not-too-late-to-take-critical-action,False,pillar/news,News
55,world/2020/oct/08/germany-fears-spiralling-covid-spread-as-cases-rise-suddenly,article,world,World news,2020-10-08T17:09:12Z,Europe struggles to stem rapid resurgence of coronavirus,https://www.theguardian.com/world/2020/oct/08/germany-fears-spiralling-covid-spread-as-cases-rise-suddenly,https://content.guardianapis.com/world/2020/oct/08/germany-fears-spiralling-covid-spread-as-cases-rise-suddenly,False,pillar/news,News
56,society/2020/oct/06/train-doctors-quicker-to-tackle-the-coronavirus-crisis,article,society,Society,2020-10-06T16:03:06Z,Train doctors quicker to tackle the coronavirus crisis | Letter,https://www.theguardian.com/society/2020/oct/06/train-doctors-quicker-to-tackle-the-coronavirus-crisis,https://content.guardianapis.com/society/2020/oct/06/train-doctors-quicker-to-tackle-the-coronavirus-crisis,False,pillar/news,News
57,world/2020/oct/28/france-expected-to-impose-four-week-national-lockdown-covid,article,world,World news,2020-10-28T20:07:54Z,France imposes four-week national lockdown to combat coronavirus,https://www.theguardian.com/world/2020/oct/28/france-expected-to-impose-four-week-national-lockdown-covid,https://content.guardianapis.com/world/2020/oct/28/france-expected-to-impose-four-week-national-lockdown-covid,False,pillar/news,News
58,world/2020/nov/03/us-coronavirus-cases-surge-trump-attacks-healthcare-experts,article,world,World news,2020-11-03T11:30:46Z,Coronavirus surges across midwest as Trump attacks health professionals,https://www.theguardian.com/world/2020/nov/03/us-coronavirus-cases-surge-trump-attacks-healthcare-experts,https://content.guardianapis.com/world/2020/nov/03/us-coronavirus-cases-surge-trump-attacks-healthcare-experts,False,pillar/news,News
59,commentisfree/2020/oct/28/understanding-aerosol-transmission-key-controlling-coronavirus-wash-hands,article,commentisfree,Opinion,2020-10-28T08:24:19Z,Understanding 'aerosol transmission' could be key to controlling coronavirus | Julian Tang,https://www.theguardian.com/commentisfree/2020/oct/28/understanding-aerosol-transmission-key-controlling-coronavirus-wash-hands,https://content.guardianapis.com/commentisfree/2020/oct/28/understanding-aerosol-transmission-key-controlling-coronavirus-wash-hands,False,pillar/opinion,Opinion
60,uk-news/2020/sep/07/nicola-sturgeon-orders-expansion-glasgow-area-lockdown,article,uk-news,UK news,2020-09-07T17:47:47Z,Coronavirus: Scotland extends lockdown in Glasgow area,https://www.theguardian.com/uk-news/2020/sep/07/nicola-sturgeon-orders-expansion-glasgow-area-lockdown,https://content.guardianapis.com/uk-news/2020/sep/07/nicola-sturgeon-orders-expansion-glasgow-area-lockdown,False,pillar/news,News
61,world/2020/oct/01/share-your-experiences-of-the-nhs-coronavirus-app,article,world,World news,2020-10-01T11:18:31Z,Share your experiences of the NHS coronavirus app,https://www.theguardian.com/world/2020/oct/01/share-your-experiences-of-the-nhs-coronavirus-app,https://content.guardianapis.com/world/2020/oct/01/share-your-experiences-of-the-nhs-coronavirus-app,False,pillar/news,News
62,society/2020/jul/09/neighbourliness-in-the-coronavirus-age,article,society,Society,2020-07-09T17:12:57Z,Neighbourliness in the coronavirus age | Letter,https://www.theguardian.com/society/2020/jul/09/neighbourliness-in-the-coronavirus-age,https://content.guardianapis.com/society/2020/jul/09/neighbourliness-in-the-coronavirus-age,False,pillar/news,News
63,world/2020/nov/01/coronavirus-laws-and-the-difficult-balance-of-personal-freedoms,article,world,World news,2020-11-01T17:49:06Z,Coronavirus laws and the difficult balance of personal freedoms | Letters,https://www.theguardian.com/world/2020/nov/01/coronavirus-laws-and-the-difficult-balance-of-personal-freedoms,https://content.guardianapis.com/world/2020/nov/01/coronavirus-laws-and-the-difficult-balance-of-personal-freedoms,False,pillar/news,News
64,science/2020/nov/01/covids-effect-on-health-blamed-on-tiny-genetic-variations,article,science,Science,2020-11-01T11:15:18Z,Tiny variants in genes may dictate severity of coronavirus,https://www.theguardian.com/science/2020/nov/01/covids-effect-on-health-blamed-on-tiny-genetic-variations,https://content.guardianapis.com/science/2020/nov/01/covids-effect-on-health-blamed-on-tiny-genetic-variations,False,pillar/news,News
65,business/2020/oct/02/organised-in-uk-exploiting-coronavirus-loan-scheme-nca-warns,article,business,Business,2020-10-02T11:36:29Z,Organised crime in UK exploiting coronavirus loan scheme,https://www.theguardian.com/business/2020/oct/02/organised-in-uk-exploiting-coronavirus-loan-scheme-nca-warns,https://content.guardianapis.com/business/2020/oct/02/organised-in-uk-exploiting-coronavirus-loan-scheme-nca-warns,False,pillar/news,News
66,australia-news/2020/oct/02/coronavirus-australia-latest-the-week-at-a-glance,article,australia-news,Australia news,2020-10-02T09:54:28Z,Coronavirus Australia latest: the week at a glance,https://www.theguardian.com/australia-news/2020/oct/02/coronavirus-australia-latest-the-week-at-a-glance,https://content.guardianapis.com/australia-news/2020/oct/02/coronavirus-australia-latest-the-week-at-a-glance,False,pillar/news,News
67,us-news/2020/oct/02/first-thing-october-surprise-donald-trump-caught-coronavirus-covid-19,article,us-news,US news,2020-10-02T09:49:46Z,First Thing: October surprise? Trump caught the coronavirus,https://www.theguardian.com/us-news/2020/oct/02/first-thing-october-surprise-donald-trump-caught-coronavirus-covid-19,https://content.guardianapis.com/us-news/2020/oct/02/first-thing-october-surprise-donald-trump-caught-coronavirus-covid-19,False,pillar/news,News
68,us-news/live/2020/nov/20/us-election-trump-michigan-biden-georgia-live-updates,liveblog,us-news,US news,2020-11-21T01:20:05Z,Donald Trump Jr tests positive for coronavirus – as it happened,https://www.theguardian.com/us-news/live/2020/nov/20/us-election-trump-michigan-biden-georgia-live-updates,https://content.guardianapis.com/us-news/live/2020/nov/20/us-election-trump-michigan-biden-georgia-live-updates,False,pillar/news,News
69,world/2020/nov/19/california-coronavirus-curfew-gavin-newsom,article,world,World news,2020-11-20T00:26:04Z,California enacts coronavirus curfew for majority of state's 40m residents,https://www.theguardian.com/world/2020/nov/19/california-coronavirus-curfew-gavin-newsom,https://content.guardianapis.com/world/2020/nov/19/california-coronavirus-curfew-gavin-newsom,False,pillar/news,News
70,world/2020/sep/04/silvio-berlusconi-admitted-milan-hospital-coronavirus-italy,article,world,World news,2020-09-04T15:45:57Z,Silvio Berlusconi admitted to hospital with coronavirus,https://www.theguardian.com/world/2020/sep/04/silvio-berlusconi-admitted-milan-hospital-coronavirus-italy,https://content.guardianapis.com/world/2020/sep/04/silvio-berlusconi-admitted-milan-hospital-coronavirus-italy,False,pillar/news,News
71,commentisfree/2020/oct/03/the-observer-view-on-donald-trumps-coronavirus-infection,article,commentisfree,Opinion,2020-10-03T16:00:27Z,The Observer view on Donald Trump's coronavirus infection | Observer editorial,https://www.theguardian.com/commentisfree/2020/oct/03/the-observer-view-on-donald-trumps-coronavirus-infection,https://content.guardianapis.com/commentisfree/2020/oct/03/the-observer-view-on-donald-trumps-coronavirus-infection,False,pillar/opinion,Opinion
72,us-news/2020/oct/02/joe-biden-coronavirus-negative-test-wife-jill,article,us-news,US news,2020-10-02T17:15:26Z,Joe and Jill Biden test negative for coronavirus,https://www.theguardian.com/us-news/2020/oct/02/joe-biden-coronavirus-negative-test-wife-jill,https://content.guardianapis.com/us-news/2020/oct/02/joe-biden-coronavirus-negative-test-wife-jill,False,pillar/news,News
73,world/2020/oct/22/coronavirus-crisis-uk-wealth-divide-bills-bame,article,world,World news,2020-10-21T23:01:09Z,"Coronavirus crisis has intensified UK's wealth divide, data reveals",https://www.theguardian.com/world/2020/oct/22/coronavirus-crisis-uk-wealth-divide-bills-bame,https://content.guardianapis.com/world/2020/oct/22/coronavirus-crisis-uk-wealth-divide-bills-bame,False,pillar/news,News
74,world/2020/sep/30/germans-embrace-fresh-air-to-ward-off-coronavirus,article,world,World news,2020-09-30T14:18:18Z,Germans embrace fresh air to ward off coronavirus,https://www.theguardian.com/world/2020/sep/30/germans-embrace-fresh-air-to-ward-off-coronavirus,https://content.guardianapis.com/world/2020/sep/30/germans-embrace-fresh-air-to-ward-off-coronavirus,False,pillar/news,News
75,sport/2020/nov/18/johanna-konta-sounds-alarm-over-coronavirus-threat-to-australian-open,article,sport,Sport,2020-11-18T22:30:55Z,Johanna Konta sounds alarm over coronavirus threat to Australian Open,https://www.theguardian.com/sport/2020/nov/18/johanna-konta-sounds-alarm-over-coronavirus-threat-to-australian-open,https://content.guardianapis.com/sport/2020/nov/18/johanna-konta-sounds-alarm-over-coronavirus-threat-to-australian-open,False,pillar/sport,Sport
76,world/2020/oct/19/live-coronavirus-found-on-frozen-food-packaging-in-china,article,world,World news,2020-10-19T12:47:08Z,Live coronavirus found on frozen food packaging in China,https://www.theguardian.com/world/2020/oct/19/live-coronavirus-found-on-frozen-food-packaging-in-china,https://content.guardianapis.com/world/2020/oct/19/live-coronavirus-found-on-frozen-food-packaging-in-china,False,pillar/news,News
77,us-news/2020/nov/20/us-daily-coronavirus-deaths-cases-record,article,world,World news,2020-11-20T17:18:46Z,US records highest number of daily coronavirus deaths since May,https://www.theguardian.com/us-news/2020/nov/20/us-daily-coronavirus-deaths-cases-record,https://content.guardianapis.com/us-news/2020/nov/20/us-daily-coronavirus-deaths-cases-record,False,pillar/news,News
78,uk-news/2020/oct/23/warrington-tier-3-coronavirus-lockdown-reports,article,world,World news,2020-10-23T15:50:43Z,Warrington moving to tier 3 coronavirus restrictions next week,https://www.theguardian.com/uk-news/2020/oct/23/warrington-tier-3-coronavirus-lockdown-reports,https://content.guardianapis.com/uk-news/2020/oct/23/warrington-tier-3-coronavirus-lockdown-reports,False,pillar/news,News
79,world/2020/oct/17/coronavirus-us-records-highest-daily-case-total-since-july,article,world,World news,2020-10-17T19:21:01Z,US records highest daily coronavirus case total since July,https://www.theguardian.com/world/2020/oct/17/coronavirus-us-records-highest-daily-case-total-since-july,https://content.guardianapis.com/world/2020/oct/17/coronavirus-us-records-highest-daily-case-total-since-july,False,pillar/news,News
80,sport/2020/nov/09/sergio-garcia-withdraws-from-masters-after-covid-19-positive,article,sport,Sport,2020-11-09T16:05:35Z,Sergio García withdraws from Masters after testing positive for coronavirus,https://www.theguardian.com/sport/2020/nov/09/sergio-garcia-withdraws-from-masters-after-covid-19-positive,https://content.guardianapis.com/sport/2020/nov/09/sergio-garcia-withdraws-from-masters-after-covid-19-positive,False,pillar/sport,Sport
81,australia-news/2020/sep/25/coronavirus-australia-latest-the-week-at-a-glance,article,australia-news,Australia news,2020-09-25T08:21:44Z,Coronavirus Australia latest: the week at a glance,https://www.theguardian.com/australia-news/2020/sep/25/coronavirus-australia-latest-the-week-at-a-glance,https://content.guardianapis.com/australia-news/2020/sep/25/coronavirus-australia-latest-the-week-at-a-glance,False,pillar/news,News
82,world/2020/may/28/coronavirus-at-a-glance-may-29,article,world,World news,2020-05-28T12:59:01Z,Coronavirus: at a glance,https://www.theguardian.com/world/2020/may/28/coronavirus-at-a-glance-may-29,https://content.guardianapis.com/world/2020/may/28/coronavirus-at-a-glance-may-29,False,pillar/news,News
83,world/2020/sep/22/key-points-of-boris-johnson-coronavirus-statement-to-mps,article,world,World news,2020-09-22T13:09:25Z,What are the new coronavirus rules in England?,https://www.theguardian.com/world/2020/sep/22/key-points-of-boris-johnson-coronavirus-statement-to-mps,https://content.guardianapis.com/world/2020/sep/22/key-points-of-boris-johnson-coronavirus-statement-to-mps,False,pillar/news,News
84,world/2020/sep/22/coronavirus-rise-dashes-turkish-dreams-of-big-weddings,article,world,World news,2020-09-22T04:00:03Z,Coronavirus rise dashes Turkish dreams of big weddings,https://www.theguardian.com/world/2020/sep/22/coronavirus-rise-dashes-turkish-dreams-of-big-weddings,https://content.guardianapis.com/world/2020/sep/22/coronavirus-rise-dashes-turkish-dreams-of-big-weddings,False,pillar/news,News
85,commentisfree/2020/oct/18/the-observer-view-on-a-britain-divided-by-coronavirus,article,commentisfree,Opinion,2020-10-18T05:15:41Z,The Observer view on a Britain divided by coronavirus | Observer editorial,https://www.theguardian.com/commentisfree/2020/oct/18/the-observer-view-on-a-britain-divided-by-coronavirus,https://content.guardianapis.com/commentisfree/2020/oct/18/the-observer-view-on-a-britain-divided-by-coronavirus,False,pillar/opinion,Opinion
86,world/2020/may/25/coronavirus-glance-south-africa-eases-lockdown,article,world,World news,2020-05-24T23:01:32Z,Coronavirus: at a glance,https://www.theguardian.com/world/2020/may/25/coronavirus-glance-south-africa-eases-lockdown,https://content.guardianapis.com/world/2020/may/25/coronavirus-glance-south-africa-eases-lockdown,False,pillar/news,News
87,technology/2020/oct/17/nhs-drones-deliver-coronavirus-kit-between-hospitals-essex,article,technology,Technology,2020-10-17T14:36:39Z,NHS using drones to deliver coronavirus kit between hospitals,https://www.theguardian.com/technology/2020/oct/17/nhs-drones-deliver-coronavirus-kit-between-hospitals-essex,https://content.guardianapis.com/technology/2020/oct/17/nhs-drones-deliver-coronavirus-kit-between-hospitals-essex,False,pillar/news,News
88,science/2020/nov/07/aspirin-tested-uk-coronavirus-treatment-recovery-blood-clot,article,world,World news,2020-11-07T11:56:59Z,Aspirin to be tested in UK as potential coronavirus treatment,https://www.theguardian.com/science/2020/nov/07/aspirin-tested-uk-coronavirus-treatment-recovery-blood-clot,https://content.guardianapis.com/science/2020/nov/07/aspirin-tested-uk-coronavirus-treatment-recovery-blood-clot,False,pillar/news,News
89,world/2020/sep/20/matt-hancock-britain-is-at-coronavirus-tipping-point-london,article,world,World news,2020-09-20T09:42:24Z,Matt Hancock: Britain is at coronavirus tipping point,https://www.theguardian.com/world/2020/sep/20/matt-hancock-britain-is-at-coronavirus-tipping-point-london,https://content.guardianapis.com/world/2020/sep/20/matt-hancock-britain-is-at-coronavirus-tipping-point-london,False,pillar/news,News
90,world/ng-interactive/2020/nov/10/covid-vaccine-tracker-when-will-a-coronavirus-vaccine-be-ready,interactive,world,World news,2020-11-10T09:51:03Z,Covid vaccine tracker: when will a coronavirus vaccine be ready?,https://www.theguardian.com/world/ng-interactive/2020/nov/10/covid-vaccine-tracker-when-will-a-coronavirus-vaccine-be-ready,https://content.guardianapis.com/world/ng-interactive/2020/nov/10/covid-vaccine-tracker-when-will-a-coronavirus-vaccine-be-ready,False,pillar/news,News
91,uk-news/2020/nov/08/coronavirus-officers-injured-and-arrests-made-at-manchester-protest,article,uk-news,UK news,2020-11-09T07:08:23Z,Coronavirus: officers injured and arrests made at Manchester lockdown protest,https://www.theguardian.com/uk-news/2020/nov/08/coronavirus-officers-injured-and-arrests-made-at-manchester-protest,https://content.guardianapis.com/uk-news/2020/nov/08/coronavirus-officers-injured-and-arrests-made-at-manchester-protest,False,pillar/news,News
92,us-news/2020/oct/14/barron-trump-coronavirus-covid-melania-trump,article,us-news,US news,2020-10-14T22:01:15Z,"Barron Trump tested positive for coronavirus, Melania Trump reveals",https://www.theguardian.com/us-news/2020/oct/14/barron-trump-coronavirus-covid-melania-trump,https://content.guardianapis.com/us-news/2020/oct/14/barron-trump-coronavirus-covid-melania-trump,False,pillar/news,News
93,world/2020/nov/08/global-coronavirus-cases-pass-50m-with-us-worst-affected-country,article,world,World news,2020-11-08T18:05:55Z,Global coronavirus cases pass 50m with US worst affected country,https://www.theguardian.com/world/2020/nov/08/global-coronavirus-cases-pass-50m-with-us-worst-affected-country,https://content.guardianapis.com/world/2020/nov/08/global-coronavirus-cases-pass-50m-with-us-worst-affected-country,False,pillar/news,News
94,uk-news/2020/nov/08/uks-coronavirus-vaccine-taskforce-chief-faces-questions-over-biotech-fund,article,world,World news,2020-11-08T08:30:34Z,UK's coronavirus vaccine taskforce chief faces questions over biotech fund,https://www.theguardian.com/uk-news/2020/nov/08/uks-coronavirus-vaccine-taskforce-chief-faces-questions-over-biotech-fund,https://content.guardianapis.com/uk-news/2020/nov/08/uks-coronavirus-vaccine-taskforce-chief-faces-questions-over-biotech-fund,False,pillar/news,News
95,film/2020/aug/21/coronation-review-ai-weiwei-harrowing-coronavirus-documentary,article,film,Film,2020-08-21T14:20:31Z,Coronation review – Ai Weiwei's harrowing coronavirus documentary,https://www.theguardian.com/film/2020/aug/21/coronation-review-ai-weiwei-harrowing-coronavirus-documentary,https://content.guardianapis.com/film/2020/aug/21/coronation-review-ai-weiwei-harrowing-coronavirus-documentary,False,pillar/arts,Arts
96,world/2020/sep/16/global-report-indias-coronavirus-cases-pass-5-million,article,world,World news,2020-09-16T05:11:18Z,Global report: India's coronavirus cases pass 5 million,https://www.theguardian.com/world/2020/sep/16/global-report-indias-coronavirus-cases-pass-5-million,https://content.guardianapis.com/world/2020/sep/16/global-report-indias-coronavirus-cases-pass-5-million,False,pillar/news,News
97,world/2020/nov/06/mink-and-coronavirus-whats-happened-and-should-we-be-worried,article,world,World news,2020-11-06T17:57:43Z,Mink and coronavirus: what's happened and should we be worried?,https://www.theguardian.com/world/2020/nov/06/mink-and-coronavirus-whats-happened-and-should-we-be-worried,https://content.guardianapis.com/world/2020/nov/06/mink-and-coronavirus-whats-happened-and-should-we-be-worried,False,pillar/news,News
98,us-news/2020/oct/06/stephen-miller-covid-19-diagnosis,article,us-news,US news,2020-10-07T01:01:15Z,Top Trump adviser Stephen Miller tests positive for coronavirus,https://www.theguardian.com/us-news/2020/oct/06/stephen-miller-covid-19-diagnosis,https://content.guardianapis.com/us-news/2020/oct/06/stephen-miller-covid-19-diagnosis,False,pillar/news,News
99,politics/2020/oct/10/johnson-and-macron-hold-talks-on-coronavirus-and-brexit,article,politics,Politics,2020-10-10T16:10:56Z,Johnson and Macron hold talks on coronavirus and Brexit,https://www.theguardian.com/politics/2020/oct/10/johnson-and-macron-hold-talks-on-coronavirus-and-brexit,https://content.guardianapis.com/politics/2020/oct/10/johnson-and-macron-hold-talks-on-coronavirus-and-brexit,False,pillar/news,News
100,world/2020/oct/31/hugs-sequins-and-rainbows-as-taiwan-enjoys-victory-over-virus,article,world,World news,2020-10-31T17:27:17Z,"Hugs, sequins and rainbows as Taiwan enjoys victory over coronavirus",https://www.theguardian.com/world/2020/oct/31/hugs-sequins-and-rainbows-as-taiwan-enjoys-victory-over-virus,https://content.guardianapis.com/world/2020/oct/31/hugs-sequins-and-rainbows-as-taiwan-enjoys-victory-over-virus,False,pillar/news,News
101,australia-news/2020/oct/06/chadstone-butcher-coronavirus-cluster-what-we-know-so-far,article,australia-news,Australia news,2020-10-06T07:26:21Z,Chadstone butcher coronavirus cluster: what we know so far,https://www.theguardian.com/australia-news/2020/oct/06/chadstone-butcher-coronavirus-cluster-what-we-know-so-far,https://content.guardianapis.com/australia-news/2020/oct/06/chadstone-butcher-coronavirus-cluster-what-we-know-so-far,False,pillar/news,News
102,money/2020/sep/15/energy-bills-could-increase-this-winter-to-cover-coronavirus-defaults,article,money,Money,2020-09-15T15:55:40Z,Energy bills could increase to cover coronavirus defaults,https://www.theguardian.com/money/2020/sep/15/energy-bills-could-increase-this-winter-to-cover-coronavirus-defaults,https://content.guardianapis.com/money/2020/sep/15/energy-bills-could-increase-this-winter-to-cover-coronavirus-defaults,False,pillar/lifestyle,Lifestyle
103,us-news/2020/oct/05/first-thing-election-special-trumps-insane-coronavirus-drive-by,article,us-news,US news,2020-10-05T10:16:25Z,First Thing election special: Trump's 'insane' coronavirus drive-by,https://www.theguardian.com/us-news/2020/oct/05/first-thing-election-special-trumps-insane-coronavirus-drive-by,https://content.guardianapis.com/us-news/2020/oct/05/first-thing-election-special-trumps-insane-coronavirus-drive-by,False,pillar/news,News
104,world/2020/aug/15/new-zealand-coronavirus-seven-new-cases-confirmed,article,world,World news,2020-08-15T03:17:54Z,New Zealand coronavirus: seven new cases confirmed,https://www.theguardian.com/world/2020/aug/15/new-zealand-coronavirus-seven-new-cases-confirmed,https://content.guardianapis.com/world/2020/aug/15/new-zealand-coronavirus-seven-new-cases-confirmed,False,pillar/news,News
105,world/2020/oct/28/top-medical-advisers-arguing-hard-for-tighter-coronavirus-restrictions,article,world,World news,2020-10-28T19:18:25Z,Top medical advisers arguing for tighter coronavirus restrictions in England,https://www.theguardian.com/world/2020/oct/28/top-medical-advisers-arguing-hard-for-tighter-coronavirus-restrictions,https://content.guardianapis.com/world/2020/oct/28/top-medical-advisers-arguing-hard-for-tighter-coronavirus-restrictions,False,pillar/news,News
106,world/2020/nov/01/mexico-day-of-the-dead-coronavirus,article,world,World news,2020-11-01T12:00:19Z,Mexicans celebrate restricted Day of the Dead amid coronavirus upheaval,https://www.theguardian.com/world/2020/nov/01/mexico-day-of-the-dead-coronavirus,https://content.guardianapis.com/world/2020/nov/01/mexico-day-of-the-dead-coronavirus,False,pillar/news,News
107,australia-news/2020/sep/11/coronavirus-australia-latest-the-week-at-a-glance,article,australia-news,Australia news,2020-09-11T10:03:17Z,Coronavirus Australia latest: the week at a glance,https://www.theguardian.com/australia-news/2020/sep/11/coronavirus-australia-latest-the-week-at-a-glance,https://content.guardianapis.com/australia-news/2020/sep/11/coronavirus-australia-latest-the-week-at-a-glance,False,pillar/news,News
108,world/2020/oct/31/us-world-record-coronavirus-cases-24-hours,article,world,World news,2020-10-31T21:17:35Z,US sets world record for coronavirus cases in 24 hours,https://www.theguardian.com/world/2020/oct/31/us-world-record-coronavirus-cases-24-hours,https://content.guardianapis.com/world/2020/oct/31/us-world-record-coronavirus-cases-24-hours,False,pillar/news,News
109,world/2020/oct/06/drive-in-wedding-essex-coronavirus-guest-limit,article,world,World news,2020-10-06T17:07:55Z,Drive-in wedding in Essex bypasses coronavirus guest limit,https://www.theguardian.com/world/2020/oct/06/drive-in-wedding-essex-coronavirus-guest-limit,https://content.guardianapis.com/world/2020/oct/06/drive-in-wedding-essex-coronavirus-guest-limit,False,pillar/news,News
110,world/2020/oct/25/tier-3-lockdown-rules-england-latest-coronavirus-restrictions-explained,article,world,World news,2020-10-27T16:44:01Z,Tier 3 lockdown rules in England: latest coronavirus restrictions explained,https://www.theguardian.com/world/2020/oct/25/tier-3-lockdown-rules-england-latest-coronavirus-restrictions-explained,https://content.guardianapis.com/world/2020/oct/25/tier-3-lockdown-rules-england-latest-coronavirus-restrictions-explained,False,pillar/news,News
111,world/2020/nov/01/how-will-the-new-coronavirus-lockdown-in-england-affect-you,article,world,World news,2020-11-01T12:45:04Z,How will the new coronavirus lockdown in England affect you?,https://www.theguardian.com/world/2020/nov/01/how-will-the-new-coronavirus-lockdown-in-england-affect-you,https://content.guardianapis.com/world/2020/nov/01/how-will-the-new-coronavirus-lockdown-in-england-affect-you,False,pillar/news,News
112,music/2020/jun/10/saving-classical-music-from-coronavirus,article,music,Music,2020-06-10T17:38:03Z,Saving classical music from coronavirus | Letters,https://www.theguardian.com/music/2020/jun/10/saving-classical-music-from-coronavirus,https://content.guardianapis.com/music/2020/jun/10/saving-classical-music-from-coronavirus,False,pillar/arts,Arts
113,us-news/2020/nov/19/coronavirus-taskforce-briefing-fauci-vaccine-us,article,us-news,US news,2020-11-20T02:04:09Z,Coronavirus taskforce briefing: Fauci urges vigilance as vaccine is in sight,https://www.theguardian.com/us-news/2020/nov/19/coronavirus-taskforce-briefing-fauci-vaccine-us,https://content.guardianapis.com/us-news/2020/nov/19/coronavirus-taskforce-briefing-fauci-vaccine-us,False,pillar/news,News
114,society/2020/oct/06/coronavirus-restrictions-have-robbed-disabled-people-of-their-independence,article,society,Society,2020-10-06T10:00:23Z,Coronavirus restrictions have robbed disabled people of their independence | Saba Salman,https://www.theguardian.com/society/2020/oct/06/coronavirus-restrictions-have-robbed-disabled-people-of-their-independence,https://content.guardianapis.com/society/2020/oct/06/coronavirus-restrictions-have-robbed-disabled-people-of-their-independence,False,pillar/news,News
115,us-news/2020/oct/30/us-daily-coronavirus-record-cases-deaths,article,us-news,US news,2020-10-31T03:05:26Z,"US shatters daily coronavirus record with nearly 90,000 new infections",https://www.theguardian.com/us-news/2020/oct/30/us-daily-coronavirus-record-cases-deaths,https://content.guardianapis.com/us-news/2020/oct/30/us-daily-coronavirus-record-cases-deaths,False,pillar/news,News
116,society/2020/aug/06/how-has-coronavirus-impacted-your-mental-health,article,society,Society,2020-08-06T16:54:17Z,How has coronavirus impacted your mental health?,https://www.theguardian.com/society/2020/aug/06/how-has-coronavirus-impacted-your-mental-health,https://content.guardianapis.com/society/2020/aug/06/how-has-coronavirus-impacted-your-mental-health,False,pillar/news,News
117,world/ng-interactive/2020/sep/29/one-million-coronavirus-deaths-how-did-we-get-here-covid,interactive,world,World news,2020-09-29T00:56:01Z,One million coronavirus deaths: how did we get here?,https://www.theguardian.com/world/ng-interactive/2020/sep/29/one-million-coronavirus-deaths-how-did-we-get-here-covid,https://content.guardianapis.com/world/ng-interactive/2020/sep/29/one-million-coronavirus-deaths-how-did-we-get-here-covid,False,pillar/news,News
118,world/2020/nov/15/bars-and-borders-stay-closed-as-europe-battles-second-wave-of-coronavirus,article,world,World news,2020-11-15T11:00:32Z,Bars and shops closed as Europe battles second wave of coronavirus,https://www.theguardian.com/world/2020/nov/15/bars-and-borders-stay-closed-as-europe-battles-second-wave-of-coronavirus,https://content.guardianapis.com/world/2020/nov/15/bars-and-borders-stay-closed-as-europe-battles-second-wave-of-coronavirus,False,pillar/news,News
119,commentisfree/2020/oct/02/donald-trump-coronavirus-infection-october-surprise,article,commentisfree,Opinion,2020-10-03T06:17:15Z,Donald Trump's coronavirus infection is the ultimate 'October surprise' | Andrew Gawthorpe,https://www.theguardian.com/commentisfree/2020/oct/02/donald-trump-coronavirus-infection-october-surprise,https://content.guardianapis.com/commentisfree/2020/oct/02/donald-trump-coronavirus-infection-october-surprise,False,pillar/opinion,Opinion
120,australia-news/2020/nov/23/australia-covid-19-lockdown-rules-coronavirus-restrictions-by-state-nsw-victoria-vic-queensland-qld-western-south-australia-wa-sa-nt-act-travel-border-social-distancing-masks,article,australia-news,Australia news,2020-11-23T04:29:07Z,Australia’s state by state Covid restrictions and coronavirus lockdown rules explained,https://www.theguardian.com/australia-news/2020/nov/23/australia-covid-19-lockdown-rules-coronavirus-restrictions-by-state-nsw-victoria-vic-queensland-qld-western-south-australia-wa-sa-nt-act-travel-border-social-distancing-masks,https://content.guardianapis.com/australia-news/2020/nov/23/australia-covid-19-lockdown-rules-coronavirus-restrictions-by-state-nsw-victoria-vic-queensland-qld-western-south-australia-wa-sa-nt-act-travel-border-social-distancing-masks,False,pillar/news,News
121,australia-news/2020/nov/18/adelaide-lockdown-south-australia-covid-19-restrictions-rules-coronavirus-explained-what-you-need-to-know,article,australia-news,Australia news,2020-11-20T05:38:33Z,South Australia and Adelaide Covid lockdown rules and coronavirus restrictions explained,https://www.theguardian.com/australia-news/2020/nov/18/adelaide-lockdown-south-australia-covid-19-restrictions-rules-coronavirus-explained-what-you-need-to-know,https://content.guardianapis.com/australia-news/2020/nov/18/adelaide-lockdown-south-australia-covid-19-restrictions-rules-coronavirus-explained-what-you-need-to-know,False,pillar/news,News
122,world/2020/jun/05/coronavirus-latest-at-a-glance-5-june-2020,article,world,World news,2020-06-05T17:21:02Z,Coronavirus latest: at a glance,https://www.theguardian.com/world/2020/jun/05/coronavirus-latest-at-a-glance-5-june-2020,https://content.guardianapis.com/world/2020/jun/05/coronavirus-latest-at-a-glance-5-june-2020,False,pillar/news,News
123,australia-news/2020/sep/04/coronavirus-australia-latest-the-week-at-a-glance,article,australia-news,Australia news,2020-09-04T11:39:20Z,Coronavirus Australia latest: the week at a glance,https://www.theguardian.com/australia-news/2020/sep/04/coronavirus-australia-latest-the-week-at-a-glance,https://content.guardianapis.com/australia-news/2020/sep/04/coronavirus-australia-latest-the-week-at-a-glance,False,pillar/news,News
124,us-news/2020/oct/01/hope-hicks-covid-19-reports-trump,article,us-news,US news,2020-10-02T09:03:02Z,Trump and first lady Melania test positive for coronavirus,https://www.theguardian.com/us-news/2020/oct/01/hope-hicks-covid-19-reports-trump,https://content.guardianapis.com/us-news/2020/oct/01/hope-hicks-covid-19-reports-trump,False,pillar/news,News
125,world/2020/nov/13/leaders-at-a-loss-as-coronavirus-catches-up-with-central-europe,article,world,World news,2020-11-13T15:46:43Z,Leaders at a loss as coronavirus catches up with central Europe,https://www.theguardian.com/world/2020/nov/13/leaders-at-a-loss-as-coronavirus-catches-up-with-central-europe,https://content.guardianapis.com/world/2020/nov/13/leaders-at-a-loss-as-coronavirus-catches-up-with-central-europe,False,pillar/news,News
126,world/2020/oct/26/china-new-coronavirus-outbreak-detected-in-xinjiang-city-of-kashgar,article,world,World news,2020-10-26T02:40:52Z,China: new coronavirus outbreak detected in Xinjiang city of Kashgar,https://www.theguardian.com/world/2020/oct/26/china-new-coronavirus-outbreak-detected-in-xinjiang-city-of-kashgar,https://content.guardianapis.com/world/2020/oct/26/china-new-coronavirus-outbreak-detected-in-xinjiang-city-of-kashgar,False,pillar/news,News
127,uk-news/2020/nov/19/miracle-hospital-consultant-gives-birth-to-twins-while-in-coronavirus-coma,article,uk-news,UK news,2020-11-19T02:47:22Z,'Miracle': hospital consultant gives birth to twins while in coronavirus coma,https://www.theguardian.com/uk-news/2020/nov/19/miracle-hospital-consultant-gives-birth-to-twins-while-in-coronavirus-coma,https://content.guardianapis.com/uk-news/2020/nov/19/miracle-hospital-consultant-gives-birth-to-twins-while-in-coronavirus-coma,False,pillar/news,News
128,world/2020/jul/31/uk-coronavirus-job-losses-the-latest-data-on-redundancies-and-furloughs,article,world,World news,2020-11-19T10:02:33Z,UK coronavirus job losses: the latest data on redundancies and furloughs,https://www.theguardian.com/world/2020/jul/31/uk-coronavirus-job-losses-the-latest-data-on-redundancies-and-furloughs,https://content.guardianapis.com/world/2020/jul/31/uk-coronavirus-job-losses-the-latest-data-on-redundancies-and-furloughs,False,pillar/news,News
129,us-news/2020/nov/20/california-curfew-coronavirus-rules-explained,article,us-news,US news,2020-11-20T19:36:41Z,California's coronavirus curfew: what are the rules and will it work?,https://www.theguardian.com/us-news/2020/nov/20/california-curfew-coronavirus-rules-explained,https://content.guardianapis.com/us-news/2020/nov/20/california-curfew-coronavirus-rules-explained,False,pillar/news,News
130,commentisfree/2020/nov/22/the-guardian-view-on-coronavirus-and-vaccine-scepticism-time-to-act,article,commentisfree,Opinion,2020-11-22T18:30:29Z,The Guardian view on coronavirus and vaccine scepticism: time to act | Editorial,https://www.theguardian.com/commentisfree/2020/nov/22/the-guardian-view-on-coronavirus-and-vaccine-scepticism-time-to-act,https://content.guardianapis.com/commentisfree/2020/nov/22/the-guardian-view-on-coronavirus-and-vaccine-scepticism-time-to-act,False,pillar/opinion,Opinion
131,uk-news/2020/sep/02/confusion-across-west-scotland-over-coronavirus-household-ban,article,uk-news,UK news,2020-09-02T18:00:22Z,Confusion across west Scotland over coronavirus household ban,https://www.theguardian.com/uk-news/2020/sep/02/confusion-across-west-scotland-over-coronavirus-household-ban,https://content.guardianapis.com/uk-news/2020/sep/02/confusion-across-west-scotland-over-coronavirus-household-ban,False,pillar/news,News
132,world/2020/jul/08/coronavirus-in-the-pacific-weekly-briefing,article,world,World news,2020-07-07T22:00:16Z,Coronavirus in the Pacific: weekly briefing,https://www.theguardian.com/world/2020/jul/08/coronavirus-in-the-pacific-weekly-briefing,https://content.guardianapis.com/world/2020/jul/08/coronavirus-in-the-pacific-weekly-briefing,False,pillar/news,News
133,commentisfree/2020/oct/25/carry-on-coronavirus-why-vaccine-trial-has-saucy-potential,article,commentisfree,Opinion,2020-10-25T07:30:02Z,Carry On Coronavirus: why a vaccine trial has saucy potential | Tim Adams,https://www.theguardian.com/commentisfree/2020/oct/25/carry-on-coronavirus-why-vaccine-trial-has-saucy-potential,https://content.guardianapis.com/commentisfree/2020/oct/25/carry-on-coronavirus-why-vaccine-trial-has-saucy-potential,False,pillar/opinion,Opinion
134,us-news/2020/oct/19/scott-atlas-twitter-removal-false-coronavirus-tweet,article,us-news,US news,2020-10-19T13:09:09Z,Twitter removes false coronavirus tweet by Trump's favourite health adviser,https://www.theguardian.com/us-news/2020/oct/19/scott-atlas-twitter-removal-false-coronavirus-tweet,https://content.guardianapis.com/us-news/2020/oct/19/scott-atlas-twitter-removal-false-coronavirus-tweet,False,pillar/news,News
135,lifeandstyle/2020/sep/03/women-are-losing-out-in-coronavirus-job-cuts,article,lifeandstyle,Life and style,2020-09-03T16:31:50Z,Women are losing out in coronavirus job cuts | Letter,https://www.theguardian.com/lifeandstyle/2020/sep/03/women-are-losing-out-in-coronavirus-job-cuts,https://content.guardianapis.com/lifeandstyle/2020/sep/03/women-are-losing-out-in-coronavirus-job-cuts,False,pillar/lifestyle,Lifestyle
136,australia-news/2020/aug/28/coronavirus-australia-latest-the-week-at-a-glance,article,australia-news,Australia news,2020-08-28T09:15:10Z,Coronavirus Australia latest: the week at a glance,https://www.theguardian.com/australia-news/2020/aug/28/coronavirus-australia-latest-the-week-at-a-glance,https://content.guardianapis.com/australia-news/2020/aug/28/coronavirus-australia-latest-the-week-at-a-glance,False,pillar/news,News
137,world/2020/jun/05/coronavirus-latest-at-a-glance-friday-5-june,article,world,World news,2020-06-05T11:02:39Z,Coronavirus latest: at a glance,https://www.theguardian.com/world/2020/jun/05/coronavirus-latest-at-a-glance-friday-5-june,https://content.guardianapis.com/world/2020/jun/05/coronavirus-latest-at-a-glance-friday-5-june,False,pillar/news,News
138,australia-news/2020/nov/16/south-australia-facing-second-wave-of-coronavirus-after-hotel-quarantine-breach,article,australia-news,Australia news,2020-11-16T07:15:00Z,South Australia facing second wave of coronavirus after hotel quarantine breach,https://www.theguardian.com/australia-news/2020/nov/16/south-australia-facing-second-wave-of-coronavirus-after-hotel-quarantine-breach,https://content.guardianapis.com/australia-news/2020/nov/16/south-australia-facing-second-wave-of-coronavirus-after-hotel-quarantine-breach,False,pillar/news,News
139,education/2020/aug/31/special-schools-england-government-coronavirus-advice,article,education,Education,2020-08-31T11:08:25Z,Special schools in England urgently seek coronavirus advice,https://www.theguardian.com/education/2020/aug/31/special-schools-england-government-coronavirus-advice,https://content.guardianapis.com/education/2020/aug/31/special-schools-england-government-coronavirus-advice,False,pillar/news,News
140,politics/2020/oct/22/changes-to-the-coronavirus-job-support-scheme-in-england-explained,article,politics,Politics,2020-10-22T16:21:26Z,Changes to the coronavirus job support scheme in England explained,https://www.theguardian.com/politics/2020/oct/22/changes-to-the-coronavirus-job-support-scheme-in-england-explained,https://content.guardianapis.com/politics/2020/oct/22/changes-to-the-coronavirus-job-support-scheme-in-england-explained,False,pillar/news,News
141,education/2020/oct/20/coronavirus-400000-children-in-england-off-school-in-one-week,article,education,Education,2020-10-20T16:27:35Z,"Coronavirus: 400,000 children in England off school in one week",https://www.theguardian.com/education/2020/oct/20/coronavirus-400000-children-in-england-off-school-in-one-week,https://content.guardianapis.com/education/2020/oct/20/coronavirus-400000-children-in-england-off-school-in-one-week,False,pillar/news,News
142,business/2020/oct/22/coronavirus-pandemic-women-business,article,business,Business,2020-10-22T11:00:24Z,The coronavirus pandemic has hit women in business particularly hard | Gene Marks,https://www.theguardian.com/business/2020/oct/22/coronavirus-pandemic-women-business,https://content.guardianapis.com/business/2020/oct/22/coronavirus-pandemic-women-business,False,pillar/news,News
143,world/2020/sep/26/london-lockdown-protesters-urged-to-follow-covid-rules,article,world,World news,2020-09-26T16:30:06Z,Coronavirus: police break up anti-lockdown protest in London,https://www.theguardian.com/world/2020/sep/26/london-lockdown-protesters-urged-to-follow-covid-rules,https://content.guardianapis.com/world/2020/sep/26/london-lockdown-protesters-urged-to-follow-covid-rules,False,pillar/news,News
144,world/2020/jul/05/nhs-england-launches-coronavirus-recovery-service,article,world,World news,2020-07-05T10:45:27Z,NHS England launches coronavirus recovery service,https://www.theguardian.com/world/2020/jul/05/nhs-england-launches-coronavirus-recovery-service,https://content.guardianapis.com/world/2020/jul/05/nhs-england-launches-coronavirus-recovery-service,False,pillar/news,News
145,uk-news/2020/sep/23/uk-chancellor-budget-plans-derailed-by-coronavirus-what-will-happen-now,article,uk-news,UK news,2020-09-23T18:38:07Z,"As coronavirus derails UK budget plans, what happens now?",https://www.theguardian.com/uk-news/2020/sep/23/uk-chancellor-budget-plans-derailed-by-coronavirus-what-will-happen-now,https://content.guardianapis.com/uk-news/2020/sep/23/uk-chancellor-budget-plans-derailed-by-coronavirus-what-will-happen-now,False,pillar/news,News
146,uk-news/2020/oct/20/coronavirus-burnham-condemns-late-night-ultimatum-to-greater-manchester,article,uk-news,UK news,2020-10-20T10:54:57Z,Coronavirus: Greater Manchester leaders set to ask for £75m support,https://www.theguardian.com/uk-news/2020/oct/20/coronavirus-burnham-condemns-late-night-ultimatum-to-greater-manchester,https://content.guardianapis.com/uk-news/2020/oct/20/coronavirus-burnham-condemns-late-night-ultimatum-to-greater-manchester,False,pillar/news,News
147,uk-news/2020/sep/19/coronavirus-protesters-in-london-may-get-arrested-police-warn,article,uk-news,UK news,2020-09-19T18:29:41Z,More than 30 arrested during coronavirus protests in London,https://www.theguardian.com/uk-news/2020/sep/19/coronavirus-protesters-in-london-may-get-arrested-police-warn,https://content.guardianapis.com/uk-news/2020/sep/19/coronavirus-protesters-in-london-may-get-arrested-police-warn,False,pillar/news,News
148,tv-and-radio/2020/jun/29/catchphrase-restarts-filming-after-coronavirus-lockdown-itv,article,tv-and-radio,Television & radio,2020-06-29T06:00:00Z,Catchphrase restarts filming after coronavirus lockdown,https://www.theguardian.com/tv-and-radio/2020/jun/29/catchphrase-restarts-filming-after-coronavirus-lockdown-itv,https://content.guardianapis.com/tv-and-radio/2020/jun/29/catchphrase-restarts-filming-after-coronavirus-lockdown-itv,False,pillar/arts,Arts
149,world/2020/feb/11/what-coronavirus-precautions-are-you-taking,article,world,World news,2020-09-23T11:07:40Z,Coronavirus in the UK: what precautions are you taking?,https://www.theguardian.com/world/2020/feb/11/what-coronavirus-precautions-are-you-taking,https://content.guardianapis.com/world/2020/feb/11/what-coronavirus-precautions-are-you-taking,False,pillar/news,News
150,uk-news/2020/oct/19/rules-wales-circuit-breaker-coronavirus-lockdown,article,uk-news,UK news,2020-10-19T15:41:28Z,What are the rules of Wales's circuit breaker coronavirus lockdown?,https://www.theguardian.com/uk-news/2020/oct/19/rules-wales-circuit-breaker-coronavirus-lockdown,https://content.guardianapis.com/uk-news/2020/oct/19/rules-wales-circuit-breaker-coronavirus-lockdown,False,pillar/news,News
151,world/2020/sep/18/uk-entering-second-wave-of-coronavirus-boris-johnson-warns,article,world,World news,2020-09-18T18:02:09Z,"UK entering second wave of coronavirus, Boris Johnson warns",https://www.theguardian.com/world/2020/sep/18/uk-entering-second-wave-of-coronavirus-boris-johnson-warns,https://content.guardianapis.com/world/2020/sep/18/uk-entering-second-wave-of-coronavirus-boris-johnson-warns,False,pillar/news,News
152,world/2020/oct/16/coronavirus-covid-19-cases-us-8-million,article,world,World news,2020-10-16T19:55:03Z,"US passes 8m coronavirus cases as death toll approaches 220,000",https://www.theguardian.com/world/2020/oct/16/coronavirus-covid-19-cases-us-8-million,https://content.guardianapis.com/world/2020/oct/16/coronavirus-covid-19-cases-us-8-million,False,pillar/news,News
153,us-news/2020/nov/09/joe-bidens-coronavirus-task-force-to-meet-as-first-public-schedule-released,article,us-news,US news,2020-11-09T07:56:59Z,Joe Biden's coronavirus taskforce to meet as Trump urged to cooperate,https://www.theguardian.com/us-news/2020/nov/09/joe-bidens-coronavirus-task-force-to-meet-as-first-public-schedule-released,https://content.guardianapis.com/us-news/2020/nov/09/joe-bidens-coronavirus-task-force-to-meet-as-first-public-schedule-released,False,pillar/news,News
154,world/2020/may/27/coronavirus-latest-at-a-glance-may-27,article,world,World news,2020-05-27T11:00:26Z,Coronavirus latest: at a glance,https://www.theguardian.com/world/2020/may/27/coronavirus-latest-at-a-glance-may-27,https://content.guardianapis.com/world/2020/may/27/coronavirus-latest-at-a-glance-may-27,False,pillar/news,News
155,australia-news/2020/nov/11/victoria-coronavirus-disruption-causes-leap-in-university-applicants-citing-difficult-circumstances,article,australia-news,Australia news,2020-11-10T16:30:13Z,Victoria coronavirus disruption causes leap in university applicants citing 'difficult circumstances',https://www.theguardian.com/australia-news/2020/nov/11/victoria-coronavirus-disruption-causes-leap-in-university-applicants-citing-difficult-circumstances,https://content.guardianapis.com/australia-news/2020/nov/11/victoria-coronavirus-disruption-causes-leap-in-university-applicants-citing-difficult-circumstances,False,pillar/news,News
156,world/2020/oct/17/coronavirus-1-million-young-britons-face-jobs-crisis-within-weeks,article,world,World news,2020-10-17T20:00:29Z,Coronavirus: 1 million young Britons ‘face jobs crisis within weeks’,https://www.theguardian.com/world/2020/oct/17/coronavirus-1-million-young-britons-face-jobs-crisis-within-weeks,https://content.guardianapis.com/world/2020/oct/17/coronavirus-1-million-young-britons-face-jobs-crisis-within-weeks,False,pillar/news,News
157,world/2020/may/26/coronavirus-latest-at-a-glance-may-26,article,world,World news,2020-05-26T22:44:06Z,Coronavirus latest: at a glance,https://www.theguardian.com/world/2020/may/26/coronavirus-latest-at-a-glance-may-26,https://content.guardianapis.com/world/2020/may/26/coronavirus-latest-at-a-glance-may-26,False,pillar/news,News
158,football/2020/aug/27/manchester-united-wan-bissaka-facing-14-day-quarantine-after-dubai-trip,article,football,Football,2020-08-27T12:43:38Z,Manchester United's Paul Pogba tests positive for coronavirus,https://www.theguardian.com/football/2020/aug/27/manchester-united-wan-bissaka-facing-14-day-quarantine-after-dubai-trip,https://content.guardianapis.com/football/2020/aug/27/manchester-united-wan-bissaka-facing-14-day-quarantine-after-dubai-trip,False,pillar/sport,Sport
159,world/2020/may/26/coronavirus-latest-at-a-glance-26-may,article,world,World news,2020-05-26T05:15:18Z,Coronavirus latest: at a glance,https://www.theguardian.com/world/2020/may/26/coronavirus-latest-at-a-glance-26-may,https://content.guardianapis.com/world/2020/may/26/coronavirus-latest-at-a-glance-26-may,False,pillar/news,News
160,uk-news/2020/oct/14/coronavirus-northern-ireland-to-be-put-under-partial-lockdown,article,uk-news,UK news,2020-10-14T14:20:40Z,Coronavirus: Northern Ireland to go into four-week partial lockdown,https://www.theguardian.com/uk-news/2020/oct/14/coronavirus-northern-ireland-to-be-put-under-partial-lockdown,https://content.guardianapis.com/uk-news/2020/oct/14/coronavirus-northern-ireland-to-be-put-under-partial-lockdown,False,pillar/news,News
161,world/2020/jul/27/europe-braces-for-second-wave-of-coronavirus,article,world,World news,2020-07-27T16:02:31Z,Europe braces for second wave of coronavirus,https://www.theguardian.com/world/2020/jul/27/europe-braces-for-second-wave-of-coronavirus,https://content.guardianapis.com/world/2020/jul/27/europe-braces-for-second-wave-of-coronavirus,False,pillar/news,News
162,world/2020/jul/01/coronavirus-in-the-pacific-weekly-briefing,article,world,World news,2020-06-30T22:00:04Z,Coronavirus in the Pacific: weekly briefing,https://www.theguardian.com/world/2020/jul/01/coronavirus-in-the-pacific-weekly-briefing,https://content.guardianapis.com/world/2020/jul/01/coronavirus-in-the-pacific-weekly-briefing,False,pillar/news,News
163,music/2020/jul/29/madonnas-instagram-flagged-for-spreading-coronavirus-misinformation,article,music,Music,2020-07-29T10:52:26Z,Madonna's Instagram flagged for spreading coronavirus misinformation,https://www.theguardian.com/music/2020/jul/29/madonnas-instagram-flagged-for-spreading-coronavirus-misinformation,https://content.guardianapis.com/music/2020/jul/29/madonnas-instagram-flagged-for-spreading-coronavirus-misinformation,False,pillar/arts,Arts
164,society/2020/nov/02/share-your-experiences-of-uk-home-visits-during-the-coronavirus-pandemic,article,society,Society,2020-11-02T16:49:35Z,Share your experiences of UK home visits during the coronavirus pandemic,https://www.theguardian.com/society/2020/nov/02/share-your-experiences-of-uk-home-visits-during-the-coronavirus-pandemic,https://content.guardianapis.com/society/2020/nov/02/share-your-experiences-of-uk-home-visits-during-the-coronavirus-pandemic,False,pillar/news,News
165,business/2020/feb/24/tell-us-how-has-coronavirus-affected-small-businesses-in-the-uk,article,business,Business,2020-11-02T10:03:36Z,Tell us: how has coronavirus affected small businesses in the UK?,https://www.theguardian.com/business/2020/feb/24/tell-us-how-has-coronavirus-affected-small-businesses-in-the-uk,https://content.guardianapis.com/business/2020/feb/24/tell-us-how-has-coronavirus-affected-small-businesses-in-the-uk,False,pillar/news,News
166,world/2020/may/27/coronavirus-glance-27-may,article,world,World news,2020-05-27T17:05:37Z,Coronavirus latest: at a glance,https://www.theguardian.com/world/2020/may/27/coronavirus-glance-27-may,https://content.guardianapis.com/world/2020/may/27/coronavirus-glance-27-may,False,pillar/news,News
167,world/2020/may/27/coronavirus-latest-at-a-glance,article,world,World news,2020-05-27T05:07:09Z,Coronavirus latest: at a glance,https://www.theguardian.com/world/2020/may/27/coronavirus-latest-at-a-glance,https://content.guardianapis.com/world/2020/may/27/coronavirus-latest-at-a-glance,False,pillar/news,News
168,world/2020/jun/26/coronavirus-the-week-explained,article,world,World news,2020-06-26T11:34:03Z,Coronavirus: the week explained - 26 June,https://www.theguardian.com/world/2020/jun/26/coronavirus-the-week-explained,https://content.guardianapis.com/world/2020/jun/26/coronavirus-the-week-explained,False,pillar/news,News
169,world/2020/may/26/coronavirus-latest-at-a-glance-25-may,article,world,World news,2020-05-26T17:01:00Z,Coronavirus latest: at a glance,https://www.theguardian.com/world/2020/may/26/coronavirus-latest-at-a-glance-25-may,https://content.guardianapis.com/world/2020/may/26/coronavirus-latest-at-a-glance-25-may,False,pillar/news,News
170,business/2020/aug/21/sta-travel-goes-bust-amid-deepening-coronavirus-crisis,article,business,Business,2020-08-21T19:41:26Z,STA Travel becomes latest casualty of coronavirus crisis,https://www.theguardian.com/business/2020/aug/21/sta-travel-goes-bust-amid-deepening-coronavirus-crisis,https://content.guardianapis.com/business/2020/aug/21/sta-travel-goes-bust-amid-deepening-coronavirus-crisis,False,pillar/news,News
171,world/2020/may/29/coronavirus-latest-at-a-glance-28-may,article,world,World news,2020-05-28T23:30:42Z,Coronavirus latest: at a glance,https://www.theguardian.com/world/2020/may/29/coronavirus-latest-at-a-glance-28-may,https://content.guardianapis.com/world/2020/may/29/coronavirus-latest-at-a-glance-28-may,False,pillar/news,News
172,world/2020/may/26/coronavirus-latest-at-a-glance-,article,world,World news,2020-05-26T11:16:18Z,Coronavirus latest: at a glance,https://www.theguardian.com/world/2020/may/26/coronavirus-latest-at-a-glance-,https://content.guardianapis.com/world/2020/may/26/coronavirus-latest-at-a-glance-,False,pillar/news,News
173,world/2020/may/28/coronavirus-latest-at-a-glance,article,world,World news,2020-05-28T17:22:30Z,Coronavirus latest: at a glance,https://www.theguardian.com/world/2020/may/28/coronavirus-latest-at-a-glance,https://content.guardianapis.com/world/2020/may/28/coronavirus-latest-at-a-glance,False,pillar/news,News
174,world/2020/sep/15/sweden-records-its-fewest-daily-covid-19-cases-since-march,article,world,World news,2020-09-16T07:48:55Z,Sweden spared European surge as coronavirus infections stay low,https://www.theguardian.com/world/2020/sep/15/sweden-records-its-fewest-daily-covid-19-cases-since-march,https://content.guardianapis.com/world/2020/sep/15/sweden-records-its-fewest-daily-covid-19-cases-since-march,False,pillar/news,News
175,world/2020/may/28/coronavirus-latest-28-may-at-a-glance,article,world,World news,2020-05-28T05:16:40Z,Coronavirus latest: at a glance,https://www.theguardian.com/world/2020/may/28/coronavirus-latest-28-may-at-a-glance,https://content.guardianapis.com/world/2020/may/28/coronavirus-latest-28-may-at-a-glance,False,pillar/news,News
176,world/2020/may/28/coronavirus-glance,article,world,World news,2020-05-27T23:39:29Z,Coronavirus latest: at a glance,https://www.theguardian.com/world/2020/may/28/coronavirus-glance,https://content.guardianapis.com/world/2020/may/28/coronavirus-glance,False,pillar/news,News
177,world/2020/sep/17/little-trace-of-sense-in-outsourced-coronavirus-test-regime,article,world,World news,2020-09-17T16:51:38Z,Little trace of sense in outsourced coronavirus test regime | Letters,https://www.theguardian.com/world/2020/sep/17/little-trace-of-sense-in-outsourced-coronavirus-test-regime,https://content.guardianapis.com/world/2020/sep/17/little-trace-of-sense-in-outsourced-coronavirus-test-regime,False,pillar/news,News
178,world/2020/jul/20/how-coronavirus-is-reshaping-europes-tourism-hotspots,article,world,World news,2020-07-20T04:00:08Z,How coronavirus is reshaping Europe's tourism hotspots,https://www.theguardian.com/world/2020/jul/20/how-coronavirus-is-reshaping-europes-tourism-hotspots,https://content.guardianapis.com/world/2020/jul/20/how-coronavirus-is-reshaping-europes-tourism-hotspots,False,pillar/news,News
179,australia-news/2020/oct/06/victoria-works-to-contain-butchers-shop-and-regional-coronavirus-outbreaks,article,australia-news,Australia news,2020-10-06T05:37:36Z,Victoria works to contain butcher's shop and regional coronavirus outbreaks,https://www.theguardian.com/australia-news/2020/oct/06/victoria-works-to-contain-butchers-shop-and-regional-coronavirus-outbreaks,https://content.guardianapis.com/australia-news/2020/oct/06/victoria-works-to-contain-butchers-shop-and-regional-coronavirus-outbreaks,False,pillar/news,News
180,uk-news/2020/oct/08/covid-19-scotlands-drinking-ban-in-chaos-over-meaning-of-cafe,article,uk-news,UK news,2020-10-09T10:51:02Z,Coronavirus: Scotland’s drinking ban in chaos over meaning of 'cafe',https://www.theguardian.com/uk-news/2020/oct/08/covid-19-scotlands-drinking-ban-in-chaos-over-meaning-of-cafe,https://content.guardianapis.com/uk-news/2020/oct/08/covid-19-scotlands-drinking-ban-in-chaos-over-meaning-of-cafe,False,pillar/news,News
181,australia-news/2020/aug/21/coronavirus-australia-latest-the-week-at-a-glance,article,australia-news,Australia news,2020-08-21T07:27:47Z,Coronavirus Australia latest: the week at a glance,https://www.theguardian.com/australia-news/2020/aug/21/coronavirus-australia-latest-the-week-at-a-glance,https://content.guardianapis.com/australia-news/2020/aug/21/coronavirus-australia-latest-the-week-at-a-glance,False,pillar/news,News
182,world/2020/oct/28/germany-set-to-impose-new-coronavirus-rules-amid-record-rise-in-cases,article,world,World news,2020-10-28T15:59:52Z,Germany to impose new coronavirus rules amid record rise in cases,https://www.theguardian.com/world/2020/oct/28/germany-set-to-impose-new-coronavirus-rules-amid-record-rise-in-cases,https://content.guardianapis.com/world/2020/oct/28/germany-set-to-impose-new-coronavirus-rules-amid-record-rise-in-cases,False,pillar/news,News
183,world/2020/sep/15/testing-and-the-fantasy-of-a-moonshot-mission,article,world,World news,2020-09-15T17:04:36Z,Coronavirus testing and the fantasy of a moonshot mission | Letters,https://www.theguardian.com/world/2020/sep/15/testing-and-the-fantasy-of-a-moonshot-mission,https://content.guardianapis.com/world/2020/sep/15/testing-and-the-fantasy-of-a-moonshot-mission,False,pillar/news,News
184,world/2020/jun/19/coronavirus-the-week-explained,article,world,World news,2020-06-19T11:13:17Z,Coronavirus: the week explained - 19 June,https://www.theguardian.com/world/2020/jun/19/coronavirus-the-week-explained,https://content.guardianapis.com/world/2020/jun/19/coronavirus-the-week-explained,False,pillar/news,News
185,world/2020/aug/18/female-led-countries-handled-coronavirus-better-study-jacinda-ardern-angela-merkel,article,world,World news,2020-08-18T11:48:01Z,"Female-led countries handled coronavirus better, study suggests",https://www.theguardian.com/world/2020/aug/18/female-led-countries-handled-coronavirus-better-study-jacinda-ardern-angela-merkel,https://content.guardianapis.com/world/2020/aug/18/female-led-countries-handled-coronavirus-better-study-jacinda-ardern-angela-merkel,False,pillar/news,News
186,world/2020/oct/27/no-time-for-goodbyes-tributes-to-six-people-lost-to-coronavirus,article,world,World news,2020-10-27T12:01:07Z,No time for goodbyes: tributes to six people lost to coronavirus,https://www.theguardian.com/world/2020/oct/27/no-time-for-goodbyes-tributes-to-six-people-lost-to-coronavirus,https://content.guardianapis.com/world/2020/oct/27/no-time-for-goodbyes-tributes-to-six-people-lost-to-coronavirus,False,pillar/news,News
187,world/2020/jun/24/coronavirus-in-the-pacific-weekly-briefing,article,world,World news,2020-06-23T22:00:01Z,Coronavirus in the Pacific: weekly briefing,https://www.theguardian.com/world/2020/jun/24/coronavirus-in-the-pacific-weekly-briefing,https://content.guardianapis.com/world/2020/jun/24/coronavirus-in-the-pacific-weekly-briefing,False,pillar/news,News
188,us-news/2020/nov/18/new-york-city-public-schools-close-again-covid-cases-rise,article,us-news,US news,2020-11-18T20:27:17Z,New York City public schools to close again as coronavirus cases rise,https://www.theguardian.com/us-news/2020/nov/18/new-york-city-public-schools-close-again-covid-cases-rise,https://content.guardianapis.com/us-news/2020/nov/18/new-york-city-public-schools-close-again-covid-cases-rise,False,pillar/news,News
189,society/2020/aug/18/depression-in-british-adults-doubles-during-coronavirus-crisis,article,society,Society,2020-08-18T17:31:21Z,Depression in British adults doubles during coronavirus crisis,https://www.theguardian.com/society/2020/aug/18/depression-in-british-adults-doubles-during-coronavirus-crisis,https://content.guardianapis.com/society/2020/aug/18/depression-in-british-adults-doubles-during-coronavirus-crisis,False,pillar/news,News
190,world/2020/aug/18/germany-to-extend-coronavirus-furlough-to-24-months,article,world,World news,2020-08-18T17:24:19Z,Germany to extend coronavirus furlough to 24 months,https://www.theguardian.com/world/2020/aug/18/germany-to-extend-coronavirus-furlough-to-24-months,https://content.guardianapis.com/world/2020/aug/18/germany-to-extend-coronavirus-furlough-to-24-months,False,pillar/news,News
191,world/2020/apr/17/coronavirus-contact-tracing-explained,article,world,World news,2020-04-17T19:08:58Z,Coronavirus: contact tracing explained,https://www.theguardian.com/world/2020/apr/17/coronavirus-contact-tracing-explained,https://content.guardianapis.com/world/2020/apr/17/coronavirus-contact-tracing-explained,False,pillar/news,News
192,world/2020/oct/07/uk-artists-combat-isolation-with-freewheeling-lullabies-and-doorstep-concerts-coronavirus,article,world,World news,2020-10-07T14:25:22Z,How UK community projects are fighting isolation caused by coronavirus,https://www.theguardian.com/world/2020/oct/07/uk-artists-combat-isolation-with-freewheeling-lullabies-and-doorstep-concerts-coronavirus,https://content.guardianapis.com/world/2020/oct/07/uk-artists-combat-isolation-with-freewheeling-lullabies-and-doorstep-concerts-coronavirus,False,pillar/news,News
193,world/2020/oct/30/slovakia-to-test-all-citizens-over-age-of-10-for-coronavirus,article,world,World news,2020-10-30T13:05:26Z,Slovakia to test all citizens over age of 10 for coronavirus,https://www.theguardian.com/world/2020/oct/30/slovakia-to-test-all-citizens-over-age-of-10-for-coronavirus,https://content.guardianapis.com/world/2020/oct/30/slovakia-to-test-all-citizens-over-age-of-10-for-coronavirus,False,pillar/news,News
194,world/2020/sep/06/political-leaders-are-raising-false-hopes-about-coronavirus-vaccines,article,world,World news,2020-09-06T08:01:18Z,Political leaders are raising ‘false hopes’ about coronavirus vaccines,https://www.theguardian.com/world/2020/sep/06/political-leaders-are-raising-false-hopes-about-coronavirus-vaccines,https://content.guardianapis.com/world/2020/sep/06/political-leaders-are-raising-false-hopes-about-coronavirus-vaccines,False,pillar/news,News
195,world/2020/jul/20/german-coronavirus-experiment-enlists-help-concertgoers-tim-bendzko,article,world,World news,2020-07-20T14:30:07Z,German coronavirus experiment enlists help of concertgoers,https://www.theguardian.com/world/2020/jul/20/german-coronavirus-experiment-enlists-help-concertgoers-tim-bendzko,https://content.guardianapis.com/world/2020/jul/20/german-coronavirus-experiment-enlists-help-concertgoers-tim-bendzko,False,pillar/news,News
196,world/2020/oct/04/delay-in-reporting-uk-coronavirus-cases-risks-further-spread-say-scientists,article,world,World news,2020-10-04T21:26:15Z,"UK coronavirus cases jump by nearly 23,000 amid infection backlog",https://www.theguardian.com/world/2020/oct/04/delay-in-reporting-uk-coronavirus-cases-risks-further-spread-say-scientists,https://content.guardianapis.com/world/2020/oct/04/delay-in-reporting-uk-coronavirus-cases-risks-further-spread-say-scientists,False,pillar/news,News
197,us-news/2020/sep/11/first-thing-biden-slams-trumps-almost-criminal-coronavirus-response,article,us-news,US news,2020-09-11T10:23:00Z,First Thing: Biden slams Trump's 'almost criminal' coronavirus response,https://www.theguardian.com/us-news/2020/sep/11/first-thing-biden-slams-trumps-almost-criminal-coronavirus-response,https://content.guardianapis.com/us-news/2020/sep/11/first-thing-biden-slams-trumps-almost-criminal-coronavirus-response,False,pillar/news,News
198,australia-news/2020/oct/29/dr-fauci-praises-australias-coronavirus-response-and-melbournes-face-mask-rules,article,australia-news,Australia news,2020-10-29T03:00:24Z,Dr Fauci praises Australia’s coronavirus response and Melbourne’s face mask rules,https://www.theguardian.com/australia-news/2020/oct/29/dr-fauci-praises-australias-coronavirus-response-and-melbournes-face-mask-rules,https://content.guardianapis.com/australia-news/2020/oct/29/dr-fauci-praises-australias-coronavirus-response-and-melbournes-face-mask-rules,False,pillar/news,News
199,world/2020/oct/27/global-coronavirus-report-italian-police-use-tear-gas-to-disperse-anti-lockdown-rally,article,world,World news,2020-10-27T05:58:45Z,Global coronavirus report: Italian police use teargas to disperse lockdown protests,https://www.theguardian.com/world/2020/oct/27/global-coronavirus-report-italian-police-use-tear-gas-to-disperse-anti-lockdown-rally,https://content.guardianapis.com/world/2020/oct/27/global-coronavirus-report-italian-police-use-tear-gas-to-disperse-anti-lockdown-rally,False,pillar/news,News
